{
  "project_info": {
    "project_number": "709103109676",
    "project_id": "interbal-c32da",
    "storage_bucket": "interbal-c32da.appspot.com"
  },
  "client": [
    {
      "client_info": {
        "mobilesdk_app_id": "1:709103109676:android:c4a5c516b9266881e0f389",
        "android_client_info": {
          "package_name": "com.example.interbal"
        }
      },
      "oauth_client": [
        {
          "client_id": "709103109676-mtdqld4ith1jou982l1s114l1cjtt19n.apps.googleusercontent.com",
          "client_type": 3
        }
      ],
      "api_key": [
        {
          "current_key": "AIzaSyBBfLEClUuuxU7GKugnWpavxz89Cnd4DSc"
        }
      ],
      "services": {
        "appinvite_service": {
          "other_platform_oauth_client": [
            {
              "client_id": "709103109676-mtdqld4ith1jou982l1s114l1cjtt19n.apps.googleusercontent.com",
              "client_type": 3
            }
          ]
        }
      }
    }
  ],
  "configuration_version": "1"
}